id,title,priority,status,owner,due_window,due_gate,area,source_file,status_link,evidence_refs,required_checks_summary,definition_of_done
E-824,Remediate exact-image security blocker (CVE-2026-14456),P0,blocked,Container/Release,اليوم 1,A,container/security,docs/execution/EXPERT_GLOBAL_PROFESSIONAL_ISSUE_TRACKER_2026-08-25.yaml,"Rebuild exact image with OpenSSL 3.5.8+ or approved governed disposition; re-run SBOM/VEX/licensing/security scans; move E-824 to completed","docs/execution/DEPENDENCY_RISK.md; docs/execution/BASELINE.md; docs/execution/SECURITY_BASELINE.md","No High/Critical CVE in release gate; reproducible image path; dashboard/evidence updates","Gate A security risk cleared and release gate unblocked"
E-1000,Define and run Global Expansion execution track,P0,in_progress,Product/Architecture,"الأيام 3-4",B,architecture/claims,docs/execution/EXPERT_GLOBAL_PROFESSIONAL_ISSUE_TRACKER_2026-08-25.yaml,"Define bounded vs global claim boundaries; remove unsupported production wording; record completion in STATE/BACKLOG","docs/adr/0531-global-expansion-program-framework.md; docs/execution/CLAIMS_EVIDENCE_MATRIX.md; docs/execution/STATE.md; docs/execution/BACKLOG.yaml","Bounded and supported claims only; no global claim drift","Global expansion claims are either bounded/local or fully evidenced"
E-1001,Finalize global execution slice orchestration,P0,in_progress,Architecture,"الأيام 3-4",B/C,architecture/program-management,docs/execution/EXPERT_GLOBAL_PROFESSIONAL_ISSUE_TRACKER_2026-08-25.yaml,"Close dependent slices for integrity/matching/connectors/identity/deployment per dependency map","docs/execution/BACKLOG.yaml; docs/execution/STATE.md; docs/execution/GAP_MATRIX.md","Dependency closure and explicit dependency order with no evidence drift","E-1001 moved to completed"
E-1002,Close global-ready close/consolidation lifecycle,P0,in_progress,Finance Platform,اليوم 5,C,finance/reconciliation,docs/execution/EXPERT_GLOBAL_PROFESSIONAL_ISSUE_TRACKER_2026-08-25.yaml,"Prove lock/reopen/rollback/restore and replay; prevent partial close leaks","docs/execution/GAP_MATRIX.md; docs/execution/BACKLOG.yaml; docs/execution/EVIDENCE.md","Lifecycle workflows proven with immutable closure evidence","Close lifecycle exit conditions satisfied and linked into P4-FIN-002 dependencies"
E-1003,Deterministic matching parity and ambiguity policy,P0,in_progress,Matching,اليوم 6,C,matching,docs/execution/EXPERT_GLOBAL_PROFESSIONAL_ISSUE_TRACKER_2026-08-25.yaml,"Prove cross-engine/host determinism; record permutation and tie-break policies","docs/execution/CLAIMS_EVIDENCE_MATRIX.md; docs/execution/STATE.md","Reproducibility tests and ambiguity handling documented and bounded","No production-ready matching claim without full parity evidence"
E-1004,Governed write-back with replayable compensation,P0,in_progress,Connectors/Security,اليوم 7,C/E,connectors/security,docs/execution/EXPERT_GLOBAL_PROFESSIONAL_ISSUE_TRACKER_2026-08-25.yaml,"Enforce read/write split; prove replay/compensation and transport hardening","docs/execution/GAP_MATRIX.md; docs/execution/BACKLOG.yaml","Read/write boundaries and replay controls validated","No write-back claim accepted before conformance"
E-1005,Expand RBAC/ABAC/SoD governance primitives,P0,in_progress,IAM/Governance,اليوم 6,E,IAM/governance,docs/execution/EXPERT_GLOBAL_PROFESSIONAL_ISSUE_TRACKER_2026-08-25.yaml,"Block self-approval/high-risk actor conflicts; tie routes to audit/evidence graph","docs/execution/STATE.md; docs/execution/EVIDENCE.md; docs/execution/GAP_MATRIX.md","Sensitive-path policy checks and exception traces exist","No high-risk route without policy + evidence chain"
E-884,Python 3.12 Alpine base migration with rollback evidence,P1,planned,Platform/Release,اليوم 2,D,platform/release,docs/execution/EXPERT_GLOBAL_PROFESSIONAL_ISSUE_TRACKER_2026-08-25.yaml,"Build and runtime validation on new base; document rollback and re-scan","docs/execution/QUALITY_BASELINE.md; docs/execution/SECURITY_BASELINE.md; docs/execution/BASELINE.md","Dependency/security scans repeated after upgrade","E-884 completed with rollback evidence"
E-1006,Mode-specific deployment-readiness evidence,P1,in_progress,Deployment,اليوم 8,D,deployment,docs/execution/EXPERT_GLOBAL_PROFESSIONAL_ISSUE_TRACKER_2026-08-25.yaml,"Verify community/team/enterprise/regulated manifests, runbooks, and rollback across modes","docs/execution/DEPLOYMENT_READINESS_MATRIX.v1.yaml; docs/execution/STATE.md; docs/execution/BACKLOG.yaml","No unverified mode launch path","Deployment modes all scoped with runbook proof"
E-1007,Fail-closed deployment edition profile contract,P1,in_progress,Deployment/Security,"الأيام 8-9",D,deployment/security,docs/execution/EXPERT_GLOBAL_PROFESSIONAL_ISSUE_TRACKER_2026-08-25.yaml,"Edition launch guard rejects incomplete profiles by default; enforce claim digest checks","docs/execution/STATE.md; docs/execution/BACKLOG.yaml","Complete fail paths and remediation for profile validation failures","Incomplete edition profiles are blocked/unloadable"
P4-FIN-002,Governed close and full consolidation lifecycle,P4,in_progress,Finance Platform,"الأيام 11-14",C/E/F,finance/platform,docs/execution/EXPERT_GLOBAL_PROFESSIONAL_ISSUE_TRACKER_2026-08-25.yaml,"Cover statutory/legal/equity/intercompany/restore boundaries and migration-restore behavior","docs/execution/GAP_MATRIX.md; docs/execution/STATE.md; docs/execution/BACKLOG.yaml","No unsupported production close claims; closure coverage complete","All P4-FIN-002 bounded contexts completed or explicitly deferred"
P4-CON-001,Live ERP and banking connectors with governed write-back,P4,in_progress,Connectors,"الأيام 9-14",C/E/F,connectors/operations,docs/execution/EXPERT_GLOBAL_PROFESSIONAL_ISSUE_TRACKER_2026-08-25.yaml,"Conformance for live idempotency, cursor consistency, retry/backoff, audit trails","docs/execution/GAP_MATRIX.md; docs/execution/BACKLOG.yaml; docs/execution/STATE.md","No live connector claim without conformance + compensation","Connector write paths remain blocked without recovery evidence"
P4-SCL-001,High-volume operations and backpressure,P4,in_progress,Operations/Backend,"الأيام 11-14",D/E/F,operations/backend,docs/execution/EXPERT_GLOBAL_PROFESSIONAL_ISSUE_TRACKER_2026-08-25.yaml,"Run soak/throughput benchmarks with repeatability and no-duplicate effects","docs/execution/STATE.md; docs/execution/BACKLOG.yaml","Queue/backpressure/cancellation behavior documented","Scale evidence matches claimed deployment profile"
P4-REL-001,High-availability and disaster recovery,P4,in_progress,SRE/Infra,"الأيام 11-14",D/F,sre/infra,docs/execution/EXPERT_GLOBAL_PROFESSIONAL_ISSUE_TRACKER_2026-08-25.yaml,"Provide repeatable RPO/RTO drills and failover/failback evidence","docs/execution/STATE.md; docs/execution/BACKLOG.yaml; docs/execution/GAP_MATRIX.md","Cross-domain recovery evidence beyond single-host assumptions","HA/DR claims tied to rehearsed, repeated drills"
P4-IAM-001,Enterprise authorization and policy administration,P4,in_progress,IAM/Platform,"الأيام 11-14",E/F,iam/platform,docs/execution/EXPERT_GLOBAL_PROFESSIONAL_ISSUE_TRACKER_2026-08-25.yaml,"Control delegation/emergency/cache-policy traces and complete exception handling","docs/execution/STATE.md; docs/execution/BACKLOG.yaml","No self-approval or overbroad grant path","Policy admin + emergency governance complete"
P4-PLAT-001,Coherent modular platform breadth,P4,in_progress,Platform Engineering,"الأيام 11-14",E/F,platform/architecture,docs/execution/EXPERT_GLOBAL_PROFESSIONAL_ISSUE_TRACKER_2026-08-25.yaml,"Ensure every critical bounded context has manifest/adapter/migration/rollback/test evidence","docs/execution/GAP_MATRIX.md; docs/execution/BACKLOG.yaml; docs/execution/STATE.md","No false production stability claim per bounded context","Platform breadth readiness evidence fully explicit"
