entry_id,date,journal,account_code,account_name,reference,source_document,debit,credit,amount,cost_center,work_order,created_by
GE-0001,2026-02-04,JRN-ANON-0001,5100,Spare parts expense,DOC-ANON-0001,DOC-ANON-0009,152.08,0.0,146.62,WORKSHOP,WO-ANON-0001,USER-0001
GE-0002,2026-02-06,JRN-ANON-0001,5100,Spare parts expense,DOC-ANON-0002,DOC-ANON-0010,22.31,0.0,21.51,WORKSHOP,WO-ANON-0002,USER-0001
GE-0003,2026-02-09,JRN-ANON-0001,5100,Spare parts expense,DOC-ANON-0003,DOC-ANON-0011,172.36,0.0,166.18,WORKSHOP,WO-ANON-0003,USER-0002
GE-0004,2026-02-11,JRN-ANON-0001,5100,Spare parts expense,DOC-ANON-0004,DOC-ANON-0012,243.34,0.0,234.6,WORKSHOP,WO-ANON-0004,USER-0002
GE-0005,2026-02-20,JRN-ANON-0001,5100,Spare parts expense,DOC-ANON-0005,DOC-ANON-0013,365.0,0.0,351.9,WORKSHOP,WO-ANON-0005,USER-0003
GE-0006,2026-02-27,JRN-ANON-0002,5100,Spare parts expense,DOC-ANON-0006,DOC-ANON-0014,126.74,0.0,122.19,WORKSHOP,WO-ANON-0006,USER-0004
GE-0007,2026-03-05,JRN-ANON-0001,5100,Spare parts expense,DOC-ANON-0007,DOC-ANON-0015,86.18,0.0,83.09,WORKSHOP,WO-ANON-0007,USER-0003
GE-0008,2026-04-02,JRN-ANON-0002,5100,Spare parts expense,DOC-ANON-0008,DOC-ANON-0016,76.04,0.0,73.31,WORKSHOP,WO-ANON-0002,USER-0004
GE-0009,2026-03-08,JRN-ANON-0001,5100,Spare parts expense,DOC-ANON-0001,DOC-ANON-0017,152.08,0.0,146.62,WORKSHOP,WO-ANON-0001,USER-0001
